Unnamed: 0,Rank,Name,Platform,Year,Genre,Publisher,NA_Sales,EU_Sales,JP_Sales,Other_Sales,Global_Sales
0,16534,Hitman (2016),XOne,2016.0,0.0,95,0.0,1.0,0.0,0.0,0.01
1,9997,Army Men: Soldiers of Misfortune,DS,2008.0,8.0,115,0.9958932064677039,0.0,0.0,0.09053574604251853,0.12
2,9462,Romance of the Three Kingdoms IV: Wall of Fire,PS,1995.0,11.0,105,0.7001400420140048,0.4200840252084029,0.5601120336112039,0.14002800840280097,0.13
3,1625,Castlevania,NES,1986.0,4.0,56,0.654990686776997,0.07277674297522188,0.7520263440772927,0.01212945716253698,1.23
4,7360,BloodRayne,XB,2002.0,8.0,108,0.952786134680662,0.2977456670877069,0.0,0.059549133417541374,0.21
5,10055,Taiko Drum Master: Tokumori!,WiiU,2014.0,3.0,69,0.0,0.0,1.0,0.0,0.11
6,3303,Cabela's Monster Buck Hunter,Wii,2010.0,10.0,4,0.9986649849421085,0.0,0.0,0.0516550854280401,0.61
7,11189,Rollcage Stage II,PS,2000.0,6.0,92,0.8451542547285166,0.50709255283711,0.0,0.1690308509457033,0.09
8,14633,Galaxy Angel II: Zettairyouiki no Tobira,PS2,2006.0,11.0,20,0.0,0.0,1.0,0.0,0.03
9,2511,Star Wars The Clone Wars: Republic Heroes,Wii,2009.0,0.0,57,0.8170594879790283,0.5570860145311556,0.0,0.1485562705416415,0.82
10,7956,Grand Slam Tennis 2,X360,2012.0,10.0,35,0.8084520834544432,0.5659164584181102,0.0,0.16169041669088863,0.19
11,7385,NOÃ«L: NOT DiGITAL,PS,1996.0,1.0,80,0.0,0.0,0.9987523388778445,0.049937616943892225,0.21
12,4299,Hyperdimension Neptunia,PS3,2010.0,7.0,105,0.8442825120986698,0.4221412560493349,0.2686353447586677,0.19188238911333405,0.46
13,1459,Lost Planet: Extreme Condition,X360,2006.0,8.0,21,0.9901728723884843,0.03633661917021961,0.09084154792554902,0.09992570271810391,1.34
14,4938,Dawn of Discovery,PC,2009.0,9.0,107,0.0,0.9769000173962618,0.0,0.21369687880543228,0.39
15,3088,Um Jammer Lammy,PS,1998.0,3.0,92,0.2749373586493883,0.18329157243292554,0.9393693087187434,0.09164578621646277,0.66
16,11566,Madden NFL 17,X360,2016.0,10.0,35,0.9733285267845753,0.16222142113076257,0.0,0.16222142113076257,0.08
17,13445,Wayne Gretzky's 3D Hockey '98,PS,1997.0,10.0,42,0.8320502943378437,0.5547001962252291,0.0,0.0,0.05
18,12584,Centipede: Infestation,Wii,2011.0,8.0,12,1.0,0.0,0.0,0.0,0.06
19,14943,The Settlers: Rise of an Empire,PC,2007.0,11.0,107,0.7071067811865476,0.7071067811865476,0.0,0.0,0.02
20,238,Guitar Hero III: Legends of Rock,X360,2007.0,3.0,4,0.9532373721339426,0.27491485340540034,0.002988204928319569,0.1255046069894219,4.53
21,956,The Sims: Hot Date,PC,2001.0,9.0,35,1.0,0.0,0.0,0.0,1.82
22,317,Flash Focus: Vision Training in Minutes a Day,DS,2007.0,3.0,71,0.41256791863598846,0.7445191175385079,0.4979267983537792,0.1659755994512597,3.84
23,8975,Summon Night 5,PSP,2013.0,7.0,69,0.0,0.0,1.0,0.0,0.15
24,11251,Shin Megami Tensei: Devil Summoner - Raidou Kuzunoha vs. The Soulless Army,PS2,2006.0,7.0,105,0.0,0.0,1.0,0.0,0.09
25,5830,Gameboy Gallery,GB,1995.0,3.0,71,0.0,0.0,1.0,0.0,0.3
26,3611,Fatal Fury Special,SNES,1994.0,2.0,102,0.0,0.0,1.0,0.0,0.56
27,696,Tomb Raider II,PC,1997.0,0.0,34,0.5864868033543693,0.8056137408713864,0.0,0.08378382905062418,2.29
28,4,Wii Sports Resort,Wii,2009.0,10.0,71,0.7987593922838354,0.5583708513679383,0.16634481312323682,0.15011605086731128,33.0
29,15007,Tom Clancy's Rainbow Six: Vegas 2,PC,2008.0,8.0,107,0.0,1.0,0.0,0.0,0.02
30,4963,Auto Modellista,PS2,2002.0,6.0,21,0.7686577243595981,0.6068350455470511,0.0,0.20227834851568374,0.39
31,5003,Turok: Evolution,GC,2002.0,8.0,3,0.9657341699694756,0.2575291119918602,0.0,0.03219113899898252,0.38
32,6224,Dynasty Warriors: Gundam,PS2,2008.0,0.0,69,0.0,0.0,1.0,0.0,0.28
33,3779,Jampack Vol. 2,PS,1996.0,3.0,92,0.8291849892341729,0.5527899928227821,0.0,0.0829184989234173,0.53
34,15563,Downtown Nekketsu Koushinkyoku: Soreyuke Daiundoukai All-Star Special,PS3,2015.0,0.0,9,0.0,0.0,1.0,0.0,0.02
35,7416,Cruis'n Exotica,N64,2000.0,6.0,65,0.973417168333576,0.22903933372554727,0.0,0.0,0.21
36,4912,LocoRoco,PSP,2006.0,4.0,92,0.630528288755463,0.2251886745555225,0.7206037585776719,0.18015093964441797,0.39
37,10714,System Flaw,DS,2009.0,8.0,37,0.9938837346736189,0.0,0.0,0.11043152607484656,0.1
38,14516,D.C.I.F.: Da Capo Innocent Finale,PS2,2009.0,1.0,98,0.0,0.0,1.0,0.0,0.03
39,6385,Ratatouille,X360,2007.0,0.0,101,0.9925232596048371,0.08630637040042062,0.0,0.08630637040042062,0.27
40,12081,Dino Master: Dig Discover Duel,DS,2005.0,11.0,59,1.0,0.0,0.0,0.0,0.07
41,9429,RPG Maker II,PS2,2002.0,7.0,38,0.7442084075352506,0.6201736729460423,0.0,0.2480694691784169,0.13
42,14384,Homeworld 2,PC,2003.0,11.0,112,0.0,0.9486832980505139,0.0,0.31622776601683794,0.03
43,8160,Disgaea 4: A Promise Unforgotten,PSV,2014.0,7.0,73,0.39999999999999997,0.39999999999999997,0.7999999999999999,0.19999999999999998,0.18
44,7070,World Series of Poker 2008: Battle for the Bracelets,PS2,2007.0,3.0,4,0.7572712299036657,0.6195855517393628,0.0,0.20652851724645427,0.23
45,5368,Freeway,2600,1980.0,0.0,4,0.9980525784828885,0.06237828615518053,0.0,0.0,0.34
46,1178,Kingdom Hearts 3D: Dream Drop Distance,3DS,2012.0,0.0,95,0.89549168261324,0.2645770880448209,0.3459854228278427,0.09158437663089954,1.58
47,9284,Learn Math,DS,2009.0,5.0,32,0.9970544855015815,0.0,0.0,0.07669649888473704,0.14
49,5704,ExerBeat,Wii,2010.0,10.0,69,0.4805693313322128,0.8650247963979829,0.0,0.14417079939966382,0.31
50,3421,Tales of Zestiria,PS3,2015.0,7.0,69,0.11534708249969795,0.20762474849945628,0.9689154929974627,0.06920824949981877,0.59
51,959,The Evil Within,PS4,2014.0,0.0,17,0.5205617181217937,0.7950397149496485,0.10411234362435874,0.29340751385046554,1.81
52,9277,Houshinengi,PS,1998.0,11.0,105,0.0,0.0,0.9970544855015815,0.07669649888473704,0.14
53,9550,Ty the Tasmanian Tiger 2: Bush Rescue,GBA,2004.0,4.0,35,0.9486832980505139,0.31622776601683794,0.0,0.0,0.13
54,629,Midnight Club: Los Angeles,PS3,2008.0,6.0,104,0.9275120395173899,0.3231332266705746,0.029919743210238384,0.185502407903478,2.45
55,11387,Kamen Rider: Travelers Senki,3DS,2013.0,0.0,91,0.0,0.0,1.0,0.0,0.08
56,1330,Hasbro Family Game Night,Wii,2008.0,5.0,35,0.9362480772119643,0.3281694291258432,0.0,0.12547654643046946,1.45
57,16429,ESPN NBA 2Night 2002,XB,2002.0,10.0,56,1.0,0.0,0.0,0.0,0.01
58,10315,Cats & Dogs: The Revenge of Kitty Galore,DS,2010.0,0.0,0,0.9950371902099892,0.0,0.0,0.09950371902099892,0.11
59,7606,The Legend of Heroes VII: The Trail of Blue,PSP,2011.0,7.0,39,0.0,0.0,1.0,0.0,0.2
60,5916,We Sing Pop!,Wii,2012.0,3.0,74,0.3840122885898554,0.9120291854009067,0.0,0.1440046082211958,0.3
61,7292,Code Name: S.T.E.A.M.,3DS,2015.0,11.0,71,0.9312661473328351,0.3325950526188696,0.06651901052377393,0.13303802104754786,0.22
62,5550,Eternal Sonata,X360,2007.0,7.0,12,0.9006863799659568,0.1896181852559909,0.3792363705119818,0.09480909262799544,0.33
63,3020,Wolfenstein: The New Order,XOne,2014.0,8.0,17,0.755285201753237,0.6408480499724436,0.0,0.13732458213695217,0.67
64,5537,Sakura Wars 3: Paris wa Moeteiru ka,DC,2001.0,1.0,90,0.0,0.0,1.0,0.0,0.33
65,6480,We Cheer 2,Wii,2009.0,9.0,69,0.9965457582448797,0.0,0.0,0.08304547985373997,0.26
66,4679,Attack on Titan: Humanity in Chains,3DS,2013.0,0.0,89,0.0,0.0,1.0,0.0,0.41
67,13466,Mana Khemia: Alchemists of Al-Revis (JP sales),PS2,2007.0,7.0,73,0.0,0.0,1.0,0.0,0.04
68,1244,Sonic & Sega All-Stars Racing,Wii,2010.0,6.0,90,0.6672020468179433,0.7287899280626764,0.0,0.15396970311183306,1.51
69,15514,Higurashi no Naku Koro ni: Jan,PSP,2009.0,3.0,2,0.0,0.0,1.0,0.0,0.02
70,2357,WWE SmackDown vs. Raw 2011,X360,2010.0,2.0,101,0.7664063157207793,0.6270597128624558,0.0,0.1393466028583235,0.88
71,710,Kirby: Nightmare in Dream Land,GBA,2002.0,4.0,71,0.7995746474563499,0.065538905529209,0.596404040315802,0.026215562211683602,2.27
72,6974,LEGO Marvel's Avengers,PSV,2016.0,0.0,113,0.5012804118276031,0.7877263614433762,0.0,0.3580574370197165,0.23
73,998,BioShock Infinite,PS3,2013.0,8.0,104,0.6889400152593305,0.6602341812901916,0.03827444529218502,0.2966269510144339,1.76
74,1993,Dragon Ball Z: Budokai Tenkaichi 3,Wii,2007.0,2.0,12,0.582000625290264,0.6525461556284777,0.45854594719838976,0.15872744326098107,1.04
75,10923,Dragon Ball Kai: Ultimate Butouden,DS,2011.0,2.0,69,0.0,0.0,1.0,0.0,0.09
76,6457,Panzer Dragoon Orta,XB,2002.0,8.0,90,0.9268551141815876,0.28964222318174615,0.2317137785453969,0.057928444636349226,0.26
77,1674,Battlefield: Hardline,XOne,2015.0,8.0,35,0.8812656883614306,0.4528726454079574,0.012239801227242091,0.134637813499663,1.2
78,4159,MySims Racing,Wii,2009.0,6.0,35,0.628120624661922,0.7603565456433793,0.0,0.16529490122682158,0.47
79,3735,Cars 2,PS3,2011.0,6.0,31,0.6651414606725906,0.6953751634304356,0.0,0.27210332482060523,0.54
80,4348,Phoenix,2600,1981.0,9.0,12,0.9988681377244376,0.04756514941544941,0.0,0.0,0.45
81,9344,NHL 2K8,X360,2007.0,10.0,104,0.9918365981341756,0.09016696346674323,0.0,0.09016696346674323,0.13
82,4682,NFL GameDay 2004,PS2,2003.0,10.0,92,0.7664016652393473,0.6131213321914778,0.0,0.19160041630983682,0.41
83,13939,Jikkyou World Soccer 2002,PS2,2002.0,10.0,56,0.0,0.0,1.0,0.0,0.04
84,8445,Wildstar,PC,2014.0,7.0,67,0.7396002616336388,0.647150228929434,0.0,0.1849000654084097,0.17
85,5152,Sid Meier's Civilization: Beyond Earth,PC,2014.0,11.0,104,0.44392387174919395,0.8878477434983879,0.0,0.12107014684068926,0.37
86,1578,Championship Manager 03/04,PC,2003.0,10.0,34,0.0,0.9954564847684633,0.0,0.09521757680393997,1.26
87,3883,Pac-Man Fever,PS2,2001.0,3.0,92,0.7628477471216918,0.6102781976973535,0.0,0.2135973691940737,0.51
88,6693,Wayne Gretzky's 3D Hockey '98,N64,1997.0,10.0,65,0.9962405881956831,0.086629616364842,0.0,0.0,0.25
89,6091,Power Pro Kun Pocket 11,DS,2008.0,10.0,56,0.0,0.0,1.0,0.0,0.29
90,10150,The Fairly Odd Parents: Breakin Da Rules,XB,2003.0,4.0,101,0.9701425001453318,0.24253562503633294,0.0,0.0,0.11
91,10791,Ballistic: Ecks vs. Sever,GBA,2002.0,8.0,15,0.9191450300180579,0.39391929857916763,0.0,0.0,0.1
92,9420,Persona 4: Arena,X360,2012.0,2.0,13,0.9058216273156766,0.22645540682891915,0.3396831102433787,0.11322770341445958,0.13
93,14638,Stellaris,PC,2016.0,11.0,78,0.0,1.0,0.0,0.0,0.03
94,4725,Cars: Race-O-Rama,PSP,2009.0,6.0,101,0.9529991308561235,0.23003427296527124,0.0,0.19717223397023245,0.41
95,13367,Taiko no Tatsujin Portable 2,PSP,2006.0,3.0,69,0.0,0.0,1.0,0.0,0.05
96,8464,Hyperdimension Neptunia Victory,PS3,2012.0,7.0,24,0.5812381937190965,0.34874291623145787,0.6974858324629157,0.23249527748763857,0.16
97,8367,Monsters vs. Aliens,X360,2009.0,0.0,4,0.9669875568304565,0.2417468892076141,0.0,0.08058229640253804,0.17
98,7897,Boogie,PS2,2007.0,3.0,35,0.7774815830232241,0.6047078979069521,0.0,0.17277368511627203,0.19
99,9045,Monster House,PS2,2006.0,1.0,101,0.792593923901217,0.5661385170722978,0.0,0.22645540682891913,0.14
100,5676,Madden NFL 2002,GBA,2001.0,10.0,35,0.9437014308415509,0.32824397594488725,0.0,0.041030496993110906,0.32
101,7816,Majin and the Forsaken Kingdom,X360,2010.0,1.0,69,0.9754262200082647,0.20901990428748526,0.0,0.06967330142916175,0.19
102,10388,Tales of the World: Reve Unitia,3DS,2014.0,7.0,69,0.0,0.0,1.0,0.0,0.11
103,4754,AKB1/48: Idol to Koishitara...,PSP,2010.0,3.0,69,0.0,0.0,1.0,0.0,0.41
104,6312,Rocky: Legends,PS2,2004.0,0.0,107,0.7796881870752873,0.5997601439040672,0.0,0.17992804317122013,0.27
105,13428,Toukiden Kiwami,PSP,2014.0,0.0,105,0.0,0.0,1.0,0.0,0.05
106,8145,Godzilla (2015),PS4,2014.0,0.0,69,0.9053574604251854,0.2716072381275556,0.18107149208503706,0.2716072381275556,0.18
107,6408,Payday 2,PS4,2015.0,8.0,0,0.5257856140532873,0.8178887329717804,0.0,0.2336824951347944,0.27
108,8567,TNA iMPACT!,Wii,2008.0,2.0,65,0.9949366763261821,0.07106690545187014,0.0,0.07106690545187014,0.16
109,5031,NBA 2K7,PS3,2006.0,10.0,104,0.9826826731206275,0.13102435641608368,0.0,0.13102435641608368,0.38
110,4535,Max Payne 3,PC,2012.0,8.0,104,0.5495574790854838,0.806017635992043,0.0,0.21982299163419353,0.43
111,13693,Battle Spirits: Digital Starter,DS,2010.0,7.0,69,0.0,0.0,1.0,0.0,0.04
112,9804,Lost in Shadow,Wii,2010.0,4.0,56,0.9901475429766744,0.0,0.09901475429766743,0.09901475429766743,0.12
113,6529,Armored Core: Nexus,PS2,2004.0,9.0,51,0.3713906763541037,0.30949223029508643,0.866578244826242,0.12379689211803457,0.26
114,13749,Dragon's Lair 3D: Return to the Lair,GC,2002.0,4.0,101,0.9486832980505139,0.31622776601683794,0.0,0.0,0.04
115,12793,Coraline,Wii,2009.0,0.0,27,1.0,0.0,0.0,0.0,0.06
116,9471,NBA Ballers: Chosen One,PS3,2008.0,10.0,65,0.9965457582448797,0.0,0.0,0.08304547985373997,0.13
117,11,Nintendogs,DS,2005.0,9.0,71,0.6192139043464131,0.7509760692183621,0.13176216487194897,0.18774401730459053,24.76
118,99,Call of Duty: World at War,X360,2008.0,8.0,4,0.9213208166093222,0.36545084583668314,0.0,0.13271635980384808,7.37
119,4541,EverQuest Online Adventures,PS2,2003.0,7.0,93,0.7815390739430262,0.5954583420518296,0.0,0.18608073189119673,0.43
120,12916,Pretty Cure All Stars Everyone Gather ? Let's Dance!,Wii,2013.0,3.0,69,0.0,0.0,1.0,0.0,0.05
121,798,The Sims 2: Pets,DS,2006.0,9.0,35,0.689879281687633,0.7048766573764945,0.0,0.16497113257747745,2.09
122,13065,SeaWorld Adventure Parks: Shamu's Deep Sea Adventure,DS,2005.0,1.0,4,1.0,0.0,0.0,0.0,0.05
123,3652,Batman: Vengeance,PS2,2001.0,1.0,107,0.7733247526703765,0.601474807632515,0.0,0.2004916025441717,0.55
124,4612,Marvel Super Hero Squad,DS,2009.0,2.0,101,0.9952855585113182,0.053799219378990175,0.0,0.08069882906848526,0.42
125,2708,Taiko no Tatsujin: Tatakon de Dodon ga Don,PS2,2002.0,3.0,69,0.0,0.0,1.0,0.0,0.76
126,4580,Medal of Honor: Rising Sun,GC,2003.0,8.0,35,0.9643517931082258,0.2630050344840616,0.0,0.02922278160934018,0.42
127,7238,Dragon Ball: Origins (JP & incomplete US sales),DS,2008.0,1.0,12,0.22903933372554727,0.0,0.973417168333576,0.0,0.22
128,4676,NBA Jam,PS2,2003.0,10.0,3,0.7664016652393473,0.6131213321914778,0.0,0.19160041630983682,0.41
129,14688,Harukanaru Toki no Naka de 6,PSV,2015.0,0.0,105,0.0,0.0,1.0,0.0,0.03
130,6087,BeatMania Append 4thMix: The beat goes on,PS,1999.0,9.0,56,0.0,0.0,0.997267754456709,0.07387168551531177,0.29
131,4424,X-Men Legends II: Rise of Apocalypse,XB,2005.0,7.0,4,0.9267030948228231,0.37068123792912927,0.0,0.06178020632152155,0.44
132,8678,7th Dragon III Code: VFD,3DS,2015.0,7.0,90,0.24253562503633297,0.0,0.9701425001453319,0.0,0.16
133,4031,Kane & Lynch 2: Dog Days,X360,2010.0,8.0,95,0.6471848016905736,0.7442625219441595,0.03235924008452867,0.1617962004226434,0.49
134,962,Virtua Fighter 4,PS2,2002.0,2.0,90,0.7379537417933815,0.41628159793472796,0.5298129428260175,0.03784378163042982,1.81
135,2512,DJ Hero 2,X360,2010.0,3.0,4,0.9787260003305858,0.18351112506198483,0.0,0.09175556253099242,0.82
136,10841,Dungeons,PC,2011.0,11.0,55,0.9525793444156803,0.2721655269759086,0.0,0.1360827634879543,0.09
137,5495,Extra Bases,GB,1990.0,10.0,69,0.0,0.0,1.0,0.0,0.33
138,13304,Rock Band Country Track Pack 2,X360,2011.0,3.0,58,1.0,0.0,0.0,0.0,0.05
139,9963,Dora the Explorer: Journey to the Purple Planet,GC,2005.0,1.0,44,0.9761870601839527,0.2169304578186562,0.0,0.0,0.12
140,2041,Harry Potter and the Prisoner of Azkaban,PS2,2004.0,0.0,35,0.7724368655218261,0.6025007551070244,0.0,0.2008335850356748,1.02
141,13903,Tokumei Sentai Go-Busters,DS,2012.0,0.0,69,0.0,0.0,1.0,0.0,0.04
142,543,Sonic and the Secret Rings,Wii,2007.0,4.0,90,0.707797607659177,0.6849654267669455,0.02283218089223152,0.17124135669173637,2.77
143,9245,Famista Returns,3DS,2015.0,10.0,69,0.0,0.0,1.0,0.0,0.14
144,2491,Dance Central 3,X360,2012.0,3.0,63,0.9389794974374412,0.3294664903289268,0.0,0.09883994709867804,0.83
145,1929,Super Princess Peach,DS,2005.0,4.0,71,0.9528278494476389,0.07940232078730323,0.2779081227555613,0.09263604091852046,1.07
146,847,Tom Clancy's The Division,XOne,2016.0,8.0,107,0.8806405564961218,0.4549976208563296,0.0,0.13209608347441829,2.01
147,14116,XBLAZE Code: Embryo,PS3,2013.0,1.0,9,0.8944271909999159,0.0,0.4472135954999579,0.0,0.03
148,14446,Dancing Blade II: Tears of Eden,PS,1999.0,1.0,56,0.0,0.0,1.0,0.0,0.03
149,1841,Donkey Kong Jr.,NES,1983.0,4.0,71,0.42465029006520066,0.09007733425625469,0.9007733425625467,0.012868190608036383,1.11
150,15205,Tale of a Hero,PC,2010.0,1.0,28,0.0,0.8944271909999159,0.0,0.4472135954999579,0.02
151,9118,MX vs. ATV Reflex,DS,2009.0,6.0,101,0.9970544855015815,0.0,0.0,0.07669649888473704,0.14
152,2582,Prince of Persia: Warrior Within,XB,2004.0,0.0,107,0.8615497903412856,0.5025707110324167,0.0,0.0717958158617738,0.8
153,12831,Medal of Honor: Airborne,PC,2007.0,8.0,35,0.0,0.9701425001453318,0.0,0.24253562503633294,0.05
154,4972,Tomb Raider: Legend,X360,2006.0,0.0,34,0.9528093088747904,0.2823138692962342,0.035289233662029275,0.10586770098608782,0.39
155,418,L.A. Noire,PS3,2011.0,1.0,104,0.6641754363130045,0.6955538033829102,0.06275673413981143,0.26671612009419865,3.23
156,13649,Hitman (2016),PS4,2016.0,0.0,95,0.0,0.9701425001453318,0.0,0.24253562503633294,0.04
157,3584,Wolfenstein,X360,2009.0,8.0,4,0.7753882858703959,0.6092336531838825,0.0,0.16615463268651337,0.56
158,11247,Astro Boy,PS2,2004.0,0.0,90,0.7844645405527362,0.5883484054145521,0.0,0.19611613513818404,0.09
159,15487,Rainbow Islands Revolution,DS,2005.0,4.0,85,1.0,0.0,0.0,0.0,0.02
160,9331,Fashion Studio: Paris Collection,DS,2009.0,3.0,107,0.9970544855015815,0.0,0.0,0.07669649888473704,0.13
161,13603,NASCAR 07,XB,2006.0,6.0,35,0.9486832980505139,0.31622776601683794,0.0,0.0,0.04
162,10903,Etrian Odyssey 2 Untold: Knight of Fafnir,3DS,2014.0,7.0,13,0.9525793444156803,0.2721655269759086,0.0,0.1360827634879543,0.09
163,12152,James Bond 007: Blood Stone,DS,2010.0,8.0,4,0.9805806756909201,0.19611613513818402,0.0,0.0,0.07
164,8787,Jikkyou Powerful Pro Yakyuu 2009,PS2,2009.0,10.0,56,0.0,0.0,1.0,0.0,0.15
165,3951,NHL 09,X360,2008.0,10.0,35,0.9958287144882961,0.022129526988628804,0.0,0.08851810795451522,0.5
166,9874,"Ed, Edd n Eddy: The Mis-Edventures",GBA,2005.0,4.0,65,0.9363291775690445,0.35112344158839165,0.0,0.0,0.12
167,167,Call of Duty: World at War,PS3,2008.0,8.0,4,0.798588519413827,0.5490296070970061,0.0,0.2466229251130936,5.43
168,16131,Voodoo Chronicles: First Sign,PC,2011.0,1.0,110,1.0,0.0,0.0,0.0,0.01
169,16358,Icewind Dale II,PC,2002.0,7.0,53,0.0,1.0,0.0,0.0,0.01
170,9832,NASCAR Unleashed,X360,2011.0,6.0,4,0.9958932064677039,0.0,0.0,0.09053574604251853,0.12
171,3199,Dogz,GBA,2004.0,9.0,107,0.9352700260343385,0.3533242320574168,0.0,0.020783778356318634,0.63
172,9755,The Lord of the Rings: Aragorn's Quest,DS,2010.0,0.0,113,0.9759000729485332,0.19518001458970663,0.0,0.09759000729485331,0.12
173,10224,Vigilante 8: 2nd Offense,N64,2000.0,6.0,4,0.9761870601839527,0.2169304578186562,0.0,0.0,0.11
174,11327,Ultimate Brain Games,GBA,2003.0,3.0,106,0.9486832980505139,0.31622776601683794,0.0,0.0,0.08
175,3602,Batman Begins,PS2,2005.0,0.0,35,0.7733247526703765,0.601474807632515,0.0,0.2004916025441717,0.56
176,4113,2010 FIFA World Cup South Africa,PSP,2010.0,10.0,35,0.31622776601683794,0.8432740427115679,0.10540925533894599,0.42163702135578396,0.48
177,13812,Gummy Bears Mini Golf,Wii,2010.0,10.0,109,1.0,0.0,0.0,0.0,0.04
178,3232,World of Zoo,Wii,2009.0,9.0,101,0.9256234640207482,0.3612189127885847,0.0,0.11288091024643274,0.63
179,1372,Injustice: Gods Among Us,X360,2013.0,2.0,113,0.9383484681349099,0.32890564862460764,0.0,0.10641065102560834,1.41
180,4948,Marvel: Ultimate Alliance,PS3,2006.0,7.0,4,0.990941842338037,0.06005708135382042,0.0,0.12011416270764085,0.39
181,12516,Star Soldier: Vanishing Earth,N64,1998.0,8.0,46,0.9805806756909201,0.19611613513818402,0.0,0.0,0.06
182,13305,Color Cross,DS,2008.0,3.0,85,1.0,0.0,0.0,0.0,0.05
183,14023,S.T.A.L.K.E.R.: Clear Sky,PC,2008.0,8.0,29,0.0,0.9486832980505139,0.0,0.31622776601683794,0.04
184,656,Batman: Arkham Origins,PS3,2013.0,0.0,113,0.7448898637913023,0.6056581135499374,0.02784635004827298,0.27846350048272983,2.39
185,5878,Dynasty Warriors 8: Xtreme Legends,PS4,2014.0,0.0,105,0.5647102246243427,0.6902013856519744,0.37647348308289513,0.25098232205526344,0.3
186,6813,Final Fantasy Fables: Chocobo Tales,DS,2006.0,1.0,107,0.673189067498315,0.06119900613621045,0.7343880736345254,0.06119900613621045,0.24
187,5411,Rayman Legends,XOne,2014.0,4.0,107,0.5802183954806874,0.8033793168194132,0.0,0.13389655280323554,0.34
188,4262,American Girl: Kit Mystery Challenge!,DS,2008.0,1.0,101,0.997458699830735,0.0,0.0,0.07124704998790965,0.46
189,15409,Fist of the North Star: Ken's Rage 2,WiiU,2013.0,2.0,105,0.0,0.0,1.0,0.0,0.02
190,15225,Kuon,PS2,2004.0,1.0,51,0.7071067811865476,0.7071067811865476,0.0,0.0,0.02
191,4231,Classic NES Series: Pac-Man,GBA,2004.0,5.0,71,0.8569889627388263,0.30851602658597743,0.4113547021146366,0.03427955850955305,0.46
192,2230,Sonic Riders: Zero Gravity,Wii,2008.0,6.0,90,0.8301113752136492,0.5312712801367355,0.03320445500854597,0.16602227504272984,0.93
193,2505,Deca Sports 2,Wii,2009.0,10.0,47,0.6771457123762017,0.6976652794179048,0.18467610337532772,0.14363696929192157,0.82
194,16578,Neo Angelique Special,PSP,2008.0,1.0,105,0.0,0.0,1.0,0.0,0.01
195,322,Nintendogs + cats,3DS,2011.0,9.0,71,0.6746155325852664,0.6418217219734826,0.3419925963800309,0.12649041235973746,3.81
196,5205,NBA 2K6,XB,2005.0,0.0,104,0.9581941453333628,0.2839093763950704,0.0,0.0354886720493838,0.36
197,5619,Naruto: Ultimate Ninja (JP sales),PS2,2003.0,2.0,12,0.0,0.0,1.0,0.0,0.32
198,4352,Plants vs. Zombies: Garden Warfare 2,PS4,2016.0,8.0,35,0.6090882093150158,0.7524030820950195,0.0,0.25080102736500653,0.45
199,7236,Jewel Quest: Expeditions,DS,2007.0,5.0,14,0.16415269654937484,0.984916179296249,0.0,0.05471756551645828,0.22
200,6577,Choro Q3,PS,1998.0,6.0,102,0.0,0.0,0.9965457582448797,0.08304547985373997,0.26
201,13614,Emergency Room: Real Life Rescues,DS,2009.0,9.0,0,1.0,0.0,0.0,0.0,0.04
202,1602,Tales of Xillia,PS3,2011.0,7.0,69,0.38171114170717585,0.2500866100840118,0.8818843618751995,0.11846207846084769,1.24
203,15664,Disney Sports Football,GC,2002.0,10.0,56,1.0,0.0,0.0,0.0,0.02
204,10655,Marvel vs. Capcom: Clash of Super Heroes,DC,1999.0,2.0,21,0.0,0.0,1.0,0.0,0.1
205,6228,F-1 Grand Prix,SNES,1992.0,6.0,111,0.0,0.0,1.0,0.0,0.28
206,14711,Monster Hunter Frontier Online: Forward 1,X360,2011.0,7.0,21,0.0,0.0,1.0,0.0,0.03
207,1719,Spore,PC,2008.0,11.0,35,0.028189214614632193,0.996018916383671,0.0,0.08456764384389659,1.17
208,14378,Hajime no Ippo: The Fighting! (2014),PS3,2014.0,10.0,69,0.0,0.0,1.0,0.0,0.03
209,11754,Hakuouki DS,DS,2010.0,1.0,49,0.0,0.0,1.0,0.0,0.07
210,7377,Hasbro Family Game Night 3,X360,2010.0,3.0,35,0.9831353843426083,0.17349447958987205,0.0,0.05783149319662401,0.21
211,9508,Green Lantern: Rise of the Manhunters,X360,2011.0,0.0,113,0.808290376865476,0.5773502691896257,0.0,0.11547005383792514,0.13
212,7422,SBK Superbike World Championship,X360,2008.0,6.0,19,0.39307306924825103,0.9171704949125858,0.0,0.06551217820804184,0.21
213,7895,Cabela's Survival: Shadows of Katmai,PS3,2011.0,10.0,4,0.8835412617927487,0.40160966445124946,0.0,0.24096579867074966,0.19
214,6472,MLB SlugFest 2006,PS2,2006.0,10.0,65,0.7796881870752873,0.5997601439040672,0.0,0.17992804317122013,0.26
215,8473,Hamster Heroes,Wii,2008.0,5.0,81,1.0,0.0,0.0,0.0,0.16
216,1915,Disney's Lilo & Stitch,GBA,2002.0,4.0,107,0.9355524254228069,0.3523509134709273,0.0,0.024300062997994986,1.08
217,3674,Super Robot Taisen F Kanketsuhen,SAT,1998.0,11.0,16,0.0,0.0,1.0,0.0,0.55
218,10850,Metal Fight Beyblade,DS,2009.0,0.0,47,0.0,0.0,1.0,0.0,0.09
219,4808,Warriors Orochi 2 (JP sales),PS2,2008.0,0.0,105,0.0,0.0,1.0,0.0,0.4
221,8551,Dynasty Warriors 4,XB,2003.0,0.0,105,0.9669875568304565,0.2417468892076141,0.0,0.08058229640253804,0.16
222,8135,Dynasty Warriors: Gundam 3,X360,2010.0,0.0,105,0.9230994941263581,0.33567254331867563,0.16783627165933782,0.08391813582966891,0.18
223,11410,Fatal Frame III: The Tormented,PS2,2005.0,0.0,104,0.7844645405527362,0.5883484054145521,0.0,0.19611613513818404,0.08
224,5921,SimCity 4,PC,2003.0,9.0,35,0.04075695729696112,0.9781669751270669,0.0,0.2037847864848056,0.3
225,8885,X-Men: The Official Game,GC,2006.0,0.0,4,0.9701425001453319,0.24253562503633297,0.0,0.0,0.15
226,4525,2010 FIFA World Cup South Africa,Wii,2010.0,10.0,35,0.8283247669754628,0.5402118045492148,0.036014120303280994,0.14405648121312398,0.43
227,15787,Gummy Bears Magical Medallion,Wii,2011.0,4.0,97,1.0,0.0,0.0,0.0,0.02
228,6869,Paperboy,N64,1999.0,0.0,65,0.9670745372626464,0.25449329927964376,0.0,0.0,0.24
229,10603,Jade Cocoon 2,PS2,2001.0,7.0,107,0.7715167498104595,0.6172133998483676,0.0,0.1543033499620919,0.1
230,9526,Otogi: Myth of Demons,XB,2002.0,0.0,90,0.9116846116771037,0.22792115291927592,0.34188172937891387,0.0,0.13
231,2829,Ultimate Spider-Man,PS2,2005.0,0.0,4,0.9858611698511623,0.03286203899503875,0.0,0.16431019497519372,0.72
232,311,The Elder Scrolls V: Skyrim,PC,2011.0,7.0,17,0.4656137569030331,0.846202392980295,0.0,0.2591241777547315,3.88
233,7453,Mortal Kombat: Special Forces,PS,2000.0,2.0,65,0.8300573566392897,0.5533715710928598,0.0,0.06917144638660748,0.21
234,4308,DanceStar Party,PS3,2011.0,3.0,92,0.0,0.9615239476408233,0.0,0.2747211278973781,0.46
235,14904,Rock 'N' Roll Adventures,Wii,2007.0,4.0,81,1.0,0.0,0.0,0.0,0.03
236,12249,Ojyousama Express,PS,1998.0,11.0,62,0.0,0.0,1.0,0.0,0.06
237,4573,Ben 10 Alien Force: Vilgax Attacks,PSP,2009.0,0.0,27,0.5095101710852533,0.7446687115861395,0.0,0.43112399091829123,0.42
238,13589,Free Running,Wii,2009.0,10.0,84,0.7071067811865476,0.7071067811865476,0.0,0.0,0.04
239,9824,Conception II: Children of the Seven Stars,3DS,2013.0,7.0,89,0.9434563530497265,0.0,0.31448545101657555,0.10482848367219184,0.12
240,1477,Triple Play 2001,PS,2000.0,10.0,35,0.8244133918943607,0.5570360756042978,0.0,0.1002664936087736,1.33
241,2673,Dragon Ball: Raging Blast,PS3,2009.0,2.0,69,0.8376702455543185,0.4301549909603257,0.24903710002966226,0.22639736366332935,0.77
242,16531,Kiniro no Corda 3,3DS,2015.0,1.0,105,0.0,0.0,1.0,0.0,0.01
243,9432,Destruction Derby Arenas,PS2,2004.0,6.0,92,0.7442084075352506,0.6201736729460423,0.0,0.2480694691784169,0.13
245,4369,Dance Dance Revolution: Hottest Party 3,Wii,2009.0,9.0,56,0.8725028717782316,0.469809238649817,0.0,0.13423121104280486,0.45
246,424,WWF SmackDown! 2: Know Your Role,PS,2000.0,2.0,101,0.8213008469645489,0.5646443322881274,0.03266537459518092,0.07466371336041354,3.2
247,3692,Tiger Woods PGA Tour 08,X360,2007.0,10.0,35,0.995860909387831,0.04064738405664616,0.0,0.08129476811329232,0.54
248,1351,Tiger Woods PGA Tour 09 All-Play,Wii,2008.0,10.0,35,0.8509361101440401,0.5042584356409127,0.0,0.14707537706193288,1.43
249,925,The Legend of Zelda: Oracle of Seasons,GB,2001.0,1.0,71,0.7945288310603682,0.47489079557631203,0.37443312728132294,0.05479509179726677,1.86
250,8224,SEGA Bass Fishing Duel,PS2,2002.0,10.0,90,0.7774815830232241,0.6047078979069521,0.0,0.17277368511627203,0.17
251,6715,Ultimate Band,Wii,2008.0,3.0,31,0.9841356626102458,0.14762034939153684,0.0,0.09841356626102457,0.25
252,8541,Beowulf: The Game,PS3,2007.0,0.0,107,0.9949366763261821,0.07106690545187014,0.0,0.07106690545187014,0.16
253,14757,Xblaze: Lost Memories,PSV,2015.0,1.0,9,0.8944271909999159,0.0,0.0,0.4472135954999579,0.03
254,10754,Resident Evil: Revelations 2,XOne,2015.0,0.0,21,0.9525793444156803,0.2721655269759086,0.0,0.1360827634879543,0.1
255,14903,Shinseiki Evangelion Ayanami Ikusei Keikaku DS with Asuka Hokan Keikaku,DS,2008.0,9.0,20,0.0,0.0,1.0,0.0,0.03
256,7482,Outlaw Golf 2,XB,2004.0,10.0,44,0.9642365197998375,0.25712973861329,0.0,0.0642824346533225,0.21
257,9836,MX vs. ATV Untamed,DS,2007.0,6.0,101,0.9958932064677039,0.0,0.0,0.09053574604251853,0.12
258,2566,Who wants to be a millionaire,PS,2000.0,3.0,34,0.8285171561084911,0.552344770738994,0.0,0.09205746178983235,0.8
259,46,Pokemon HeartGold/Pokemon SoulSilver,DS,2009.0,0.0,71,0.668608080327638,0.42091917784262656,0.6017472722948741,0.11700641405733662,11.9
260,249,Tony Hawk's Pro Skater 3,PS2,2001.0,10.0,4,0.8890704062044784,0.4311657233096906,0.0033423699481371365,0.1537490176143083,4.41
261,5232,Dark Void,PS3,2010.0,0.0,21,0.8017837257372732,0.5345224838248488,0.0,0.2672612419124244,0.36
262,1388,Battlefield 4,PC,2013.0,8.0,35,0.3984358158905205,0.9017231622785464,0.0,0.16776244879600866,1.4
263,10187,Project: Snowblind,XB,2005.0,0.0,34,0.9701425001453318,0.24253562503633294,0.0,0.0,0.11
264,4655,Zack & Wiki: Quest for Barbaros' Treasure,Wii,2007.0,1.0,71,0.7126268242184062,0.6730364450951615,0.11877113736973437,0.15836151649297917,0.42
265,10059,Puyo Puyo Tetris,3DS,2014.0,5.0,90,0.0,0.0,1.0,0.0,0.11
266,4834,Bugs Bunny: Lost in Time,PS,1999.0,4.0,52,0.8210327079482834,0.5597950281465569,0.0,0.11195900562931138,0.4
267,3886,Prince of Persia Trilogy,PS3,2010.0,0.0,107,0.5389362312060052,0.7925532811853017,0.0,0.28531918122670863,0.51
268,1669,LEGO Star Wars III: The Clone Wars,PS3,2011.0,0.0,57,0.7008493614391108,0.6604157444330083,0.0,0.2695574467073503,1.2
269,1493,NFL 2K3,PS2,2002.0,10.0,12,0.983168746748807,0.07420141484896657,0.0,0.16695318341017476,1.32
270,365,LEGO Star Wars: The Video Game,PS2,2005.0,0.0,34,0.8529888151149803,0.491114772338928,0.0043080243187625265,0.17662899706926358,3.53
271,6209,RollerCoaster Tycoon 3,PC,2004.0,11.0,12,0.04428074427700476,0.9741763740941047,0.0,0.22140372138502382,0.28
272,15747,Cross + Channel,PSP,2010.0,1.0,26,0.0,0.0,1.0,0.0,0.02
273,5029,Risk: Global Domination,PS2,2003.0,11.0,12,0.7686577243595981,0.6068350455470511,0.0,0.20227834851568374,0.38
274,9760,Voodoo Vince,XB,2003.0,4.0,63,0.9486832980505139,0.31622776601683794,0.0,0.0,0.12
275,10748,Derby Jockey 2,SNES,1995.0,10.0,10,0.0,0.0,1.0,0.0,0.1
276,2456,Golden Sun: Dark Dawn,DS,2010.0,7.0,71,0.9532691695074735,0.18724930115325372,0.2212946286356635,0.08511331870602443,0.84
277,3411,Spelling Challenges and more!,DS,2007.0,3.0,0,0.997267754456709,0.0,0.0,0.07387168551531177,0.59
278,3848,Final Fantasy Explorers,3DS,2014.0,7.0,95,0.4602873089491617,0.21480074417627548,0.8592029767051019,0.06137164119322156,0.52
279,225,The Simpsons: Hit & Run,PS2,2003.0,6.0,112,0.5964418074168982,0.7550332706606977,0.0,0.2723635999186992,4.7
280,15220,Otome wa Oanesama Boku ni Koi Shiteru Portable,PSP,2010.0,1.0,7,0.0,0.0,1.0,0.0,0.02
281,10538,Football Director DS,DS,2008.0,10.0,79,0.0,1.0,0.0,0.0,0.1
282,4084,Scene It? Lights Camera Action,X360,2007.0,3.0,63,0.9946351544273336,0.0462621002059225,0.0,0.092524200411845,0.48
283,6954,Madagascar: Escape 2 Africa,PS3,2008.0,0.0,4,0.8017837257372731,0.5345224838248488,0.0,0.2672612419124244,0.23
284,16559,Super Robot Taisen: Original Generation,GBA,2002.0,7.0,16,1.0,0.0,0.0,0.0,0.01
285,3128,Star Ocean: First Departure,PSP,2007.0,7.0,95,0.5869672708837492,0.41087708961862446,0.6456639979721241,0.26413527189768715,0.65
286,9486,Rango: The Video Game,X360,2011.0,0.0,35,0.7022468831767833,0.7022468831767833,0.0,0.11704114719613057,0.13
287,13204,White Album: Tsuzurareru Fuyu no Omoide,PS3,2010.0,1.0,8,0.0,0.0,1.0,0.0,0.05
288,8965,Pac-Man Party 3D,3DS,2011.0,3.0,69,0.9091372900969896,0.4040610178208843,0.0,0.10101525445522108,0.15
289,7178,Petz Rescue: Endangered Paradise,DS,2008.0,1.0,107,0.9954954725939523,0.0,0.0,0.09480909262799546,0.22
290,16118,Brain Exercise With Dr. Kawashima,PC,2009.0,5.0,69,0.0,1.0,0.0,0.0,0.01
291,8828,FIFA Soccer 2002,PS,2001.0,10.0,35,0.7960297521679913,0.5970223141259935,0.0,0.09950371902099892,0.15
292,8064,Cabela's Adventure Camp,Wii,2011.0,3.0,4,0.9890707100936804,0.1318760946791574,0.0,0.0659380473395787,0.18
293,12715,Senritsu no Stratus,PSP,2011.0,7.0,56,0.0,0.0,1.0,0.0,0.06
294,9013,Jurassic: The Hunted,PS2,2009.0,8.0,4,0.741998516004452,0.635998728003816,0.0,0.211999576001272,0.14
295,14311,Hallowed Legends: Samhain,PC,2011.0,1.0,40,0.0,0.8944271909999159,0.0,0.4472135954999579,0.03
296,11273,Famicom Mini: Famicom Mukashi Banashi - Shin Oniga Shima Zenkouhen,GBA,2004.0,1.0,71,0.0,0.0,1.0,0.0,0.08
297,4458,"SpongeBob SquarePants: Lights, Camera, Pants!",GC,2005.0,3.0,101,0.9663147187654477,0.25578919026144203,0.0,0.028421021140160225,0.44
298,7889,Tamagotchi Party On!,Wii,2006.0,3.0,69,0.8919529754965997,0.0,0.44597648774829984,0.07432941462471664,0.19
299,11884,Kenyuu Densetsu Yaiba,SNES,1994.0,0.0,16,0.0,0.0,1.0,0.0,0.07
300,272,Uncharted 4: A Thief's End,PS4,2016.0,8.0,92,0.5126779276514749,0.81634100787581,0.07098617459789652,0.25633896382573745,4.2
301,14585,HappinessCharge PreCure! Kawarun Collection,3DS,2014.0,3.0,69,0.0,0.0,1.0,0.0,0.03
302,3200,Disney Universe,PS3,2011.0,0.0,31,0.772027518982468,0.5918877645532256,0.0,0.23160825569474042,0.63
303,261,Halo 5: Guardians,XOne,2015.0,8.0,63,0.9021964182640287,0.4100892810291039,0.010252232025727599,0.1332790163344588,4.26
304,8283,Space Battleship Yamato: Harukanaru Hoshi Iscandar,PS,1999.0,11.0,69,0.0,0.0,0.9980525784828885,0.06237828615518053,0.17
305,16208,Caladrius,X360,2013.0,8.0,66,0.0,0.0,1.0,0.0,0.01
306,266,Metal Gear Solid 3: Snake Eater,PS2,2004.0,0.0,56,0.57066962857359,0.0,0.32442177514799986,0.7543783446212526,4.23
307,1012,Kirby's Adventure,NES,1993.0,4.0,71,0.6971523061010646,0.1235459782963912,0.7059770188365212,0.017649425470913027,1.75
308,12968,Code Lyoko,DS,2007.0,0.0,43,0.9486832980505139,0.31622776601683794,0.0,0.0,0.05
309,950,Secret of Mana,SNES,1993.0,7.0,96,0.1652804511086694,0.04627852631042744,0.9850714886076697,0.013222436088693553,1.83
310,12771,Diva Girls: Divas on Ice,DS,2009.0,10.0,0,1.0,0.0,0.0,0.0,0.06
311,7324,Namco Museum: 50th Anniversary,GC,2005.0,3.0,69,0.9718253158075502,0.2286647801900118,0.0,0.05716619504750295,0.21
312,12724,Men in Black The Series: Crashdown,PS,2001.0,8.0,52,0.8320502943378437,0.5547001962252291,0.0,0.0,0.06
313,8667,Michael Jackson: The Experience,PSP,2010.0,3.0,107,0.9502552681394961,0.25916052767440806,0.0,0.17277368511627203,0.16
314,16367,Tropico 3: Gold Edition,PC,2010.0,11.0,55,0.0,1.0,0.0,0.0,0.01
315,13325,World Series of Poker: Tournament of Champions 2007 Edition,Wii,2006.0,3.0,4,1.0,0.0,0.0,0.0,0.05
316,14403,Boot Camp Academy,Wii,2010.0,0.0,115,1.0,0.0,0.0,0.0,0.03
317,982,High School Musical: Sing It!,Wii,2007.0,3.0,31,0.9246918221784409,0.3587166551554297,0.0,0.12754369961081946,1.77
319,10384,Disney Channel Collection Vol. 1,GBA,2004.0,3.0,118,0.9363291775690445,0.35112344158839165,0.0,0.0,0.11
320,10107,Pimp My Ride,Wii,2008.0,6.0,4,0.9950371902099892,0.0,0.0,0.09950371902099892,0.11
321,13372,Ride to Hell,PS3,2013.0,6.0,29,0.6666666666666666,0.6666666666666666,0.0,0.3333333333333333,0.05
322,2151,Dark Cloud 2,PS2,2002.0,7.0,92,0.7189031651872518,0.47296260867582357,0.49188111302285653,0.1324295304292306,0.96
323,15431,Sega Ages 2500 Series Vol. 32: Phantasy Star Complete Collection,PS2,2008.0,7.0,90,0.0,0.0,1.0,0.0,0.02
324,8284,Sound Novel Evolution 1: Otogirisou Sosei-Hen,PS,1999.0,1.0,22,0.0,0.0,0.9980525784828885,0.06237828615518053,0.17
325,11206,Royal Palace of White Sword and The City of Gentiles,XB,2005.0,7.0,104,0.9486832980505139,0.31622776601683794,0.0,0.0,0.09
326,13443,LEGO Friends,3DS,2013.0,0.0,113,0.0,1.0,0.0,0.0,0.05
327,3672,Time Crisis: Razing Storm,PS3,2010.0,8.0,69,0.6074705763565443,0.7087156724159683,0.23623855747198946,0.2699869228251308,0.55
328,15916,Dragon Tales: Dragon Adventures,GBA,2003.0,4.0,70,1.0,0.0,0.0,0.0,0.02
329,11517,Sentimental Graffiti 2,DC,2000.0,1.0,68,0.0,0.0,1.0,0.0,0.08
330,80,Halo 2,XB,2004.0,8.0,63,0.9756585755965086,0.21887941651945134,0.007152922108478802,0.011444675373566084,8.49
331,13706,Novastorm,PS,1995.0,8.0,82,0.7071067811865476,0.7071067811865476,0.0,0.0,0.04
332,1481,Corvette,PS2,2004.0,6.0,100,0.770594499032769,0.6046202992410956,0.0,0.2015400997470319,1.33
333,402,Assassin's Creed IV: Black Flag,X360,2013.0,0.0,107,0.8502331395126231,0.5101398837075738,0.004474911260592754,0.12977242655718985,3.34
334,4562,Bakugan: Battle Brawlers,PS2,2009.0,0.0,4,0.7815390739430262,0.5954583420518296,0.0,0.18608073189119673,0.43
335,15342,Homefront: The Revolution,PC,2016.0,8.0,29,0.0,1.0,0.0,0.0,0.02
336,13380,Cocoto Kart Racer,DS,2004.0,6.0,18,1.0,0.0,0.0,0.0,0.05
337,13466,Mana Khemia: Alchemists of Al-Revis (JP sales),PS2,2007.0,7.0,73,0.0,0.0,1.0,0.0,0.04
338,6815,Genma Onimusha,XB,2002.0,0.0,21,0.9074852129730301,0.2592814894208657,0.3241018617760822,0.06482037235521643,0.24
339,7306,Herdy Gerdy,PS2,2002.0,1.0,34,0.7897539744795119,0.5743665268941904,0.0,0.2153874475853214,0.22
340,13806,Hanaoni: Koisomeru Koku - Eikyuu no Shirushi,PSP,2011.0,1.0,49,0.0,0.0,1.0,0.0,0.04
341,8666,Bomberman Land Touch! 2,DS,2007.0,5.0,85,0.9941348467724344,0.0,0.07647191129018727,0.07647191129018727,0.16
342,4003,SplashDown: Rides Gone Wild,PS2,2003.0,6.0,101,0.7694046763650015,0.6091120354556263,0.0,0.19235116909125038,0.5
343,2770,Final Fantasy XIII-2,X360,2011.0,7.0,95,0.7613188819880644,0.6344324016567203,0.04229549344378136,0.1268864803313441,0.74
344,4810,The Chronicles of Narnia: Prince Caspian,PS2,2008.0,0.0,31,0.7844645405527361,0.588348405414552,0.0,0.19611613513818402,0.4
345,14895,Mahou Sensei Negima! Private Lesson 2: Ojama Shimasu Parasite de Chu,GBA,2006.0,7.0,61,0.0,0.0,1.0,0.0,0.03
346,15032,Okashi na Shima no Peter Pan: Sweet Never Land,PSP,2011.0,1.0,83,0.0,0.0,1.0,0.0,0.02
347,1034,Rockstar Games Double Pack: Grand Theft Auto III & Grand Theft Auto Vice City,PS2,2003.0,0.0,104,0.7738472838563621,0.6008696557002341,0.0,0.20028988523341137,1.72
348,3973,Babysitting Mama,Wii,2010.0,9.0,0,0.9372403389139512,0.3307907078519827,0.0,0.11026356928399425,0.5
349,4745,Band Hero,PS2,2009.0,3.0,4,0.5834323811883104,0.23337295247532416,0.0,0.777909841584414,0.41
350,4914,Are You Smarter than a 5th Grader? Make the Grade,DS,2008.0,3.0,101,0.9965457582448796,0.0,0.0,0.08304547985373996,0.39
351,11562,New International Track & Field,DS,2008.0,10.0,56,0.9899494936611665,0.0,0.0,0.14142135623730948,0.08
352,8050,Remember Me,X360,2013.0,0.0,21,0.8084520834544432,0.5659164584181102,0.0,0.16169041669088863,0.18
353,3050,The Sims 3: High-End Loft Stuff,PC,2010.0,9.0,35,0.018399022669872974,0.9751482015032676,0.0,0.22078827203847567,0.67
354,385,Borderlands,X360,2009.0,8.0,104,0.9499397170530113,0.29014895123376494,0.011923929502757464,0.11526465185998881,3.44
355,14788,Air Conflicts: Secret Wars,PC,2011.0,9.0,116,0.0,0.8944271909999159,0.0,0.4472135954999579,0.03
356,62,Call of Duty: Ghosts,X360,2013.0,8.0,4,0.925253896409861,0.3621157362437402,0.005507463669106315,0.11290300521667947,10.21
357,2152,Jampack Summer '99,PS,1999.0,3.0,92,0.8285171561084911,0.552344770738994,0.0,0.09205746178983233,0.96
358,12183,Nobunaga no Yabou: Tendou with Power-Up Kit,PS3,2011.0,11.0,105,0.0,0.0,1.0,0.0,0.07
359,11602,The Golf Club,PS4,2014.0,10.0,109,0.9128709291752769,0.3651483716701107,0.0,0.18257418583505536,0.08
360,12904,Zapper: One Wicked Cricket!,XB,2002.0,4.0,52,0.9701425001453318,0.24253562503633294,0.0,0.0,0.05
361,8636,Eve: The Lost One,SAT,1998.0,1.0,50,0.0,0.0,1.0,0.0,0.16
362,4387,NBA Live 10,X360,2009.0,10.0,35,0.9959620894245853,0.04979810447122926,0.0,0.07469715670684389,0.45
363,11274,Don King Boxing,DS,2009.0,10.0,104,0.9733285267845753,0.16222142113076257,0.0,0.16222142113076257,0.08
364,4586,Rascal,PS,1998.0,0.0,82,0.8275862068965517,0.5517241379310346,0.0,0.10344827586206896,0.42
365,6226,Transformers: Cybertron Adventures,Wii,2010.0,0.0,4,0.8207634827468742,0.5471756551645828,0.0,0.16415269654937484,0.28
366,11283,Theme Park,SAT,1994.0,9.0,35,0.0,0.0,1.0,0.0,0.08
367,6642,K-ON! Houkago Live!!,PSP,2010.0,3.0,90,0.0,0.0,1.0,0.0,0.25
368,14868,Moyashimon DS,DS,2009.0,0.0,103,0.0,0.0,1.0,0.0,0.03
369,13728,Mat Hoffman's Pro BMX 2,GC,2002.0,10.0,4,0.9486832980505139,0.31622776601683794,0.0,0.0,0.04
370,10863,Rosco McQueen: Firefighter Extreme,PS,1997.0,0.0,92,0.7715167498104595,0.6172133998483676,0.0,0.1543033499620919,0.09
371,4796,Medarot: Kabuto / Kuwagata Version,GB,1997.0,7.0,50,0.0,0.0,1.0,0.0,0.4
372,8132,Brink,PC,2011.0,8.0,17,0.5345224838248488,0.8017837257372732,0.0,0.2672612419124244,0.18
373,16048,Guitar Hero III: Legends of Rock,PC,2007.0,3.0,11,1.0,0.0,0.0,0.0,0.01
374,7667,Ridge Racer,PSV,2011.0,6.0,69,0.37463432463267754,0.7492686492653551,0.468292905790847,0.28097574347450816,0.2
375,8858,Return to PopoloCrois: A Story of Seasons Fairytale,3DS,2015.0,9.0,60,0.3698001308168194,0.0,0.9245003270420485,0.09245003270420485,0.15
376,10508,Astro Boy: The Video Game,DS,2009.0,0.0,27,0.9938837346736189,0.0,0.0,0.11043152607484656,0.1
377,9354,Suikoden: Tsumugareshi Hyakunen no Toki,PSP,2012.0,7.0,56,0.0,0.0,1.0,0.0,0.13
378,3282,NFL Quarterback Club 99,N64,1998.0,10.0,3,0.9994259471398348,0.033878845665757114,0.0,0.0,0.62
379,13779,Deal or No Deal: Special Edition,DS,2010.0,3.0,115,1.0,0.0,0.0,0.0,0.04
380,9638,The Stronghold Collection,PC,2009.0,11.0,104,0.34188172937891387,0.9116846116771037,0.0,0.22792115291927592,0.13
381,267,Daxter,PSP,2006.0,4.0,92,0.8883928491786856,0.36986151271928946,0.0,0.2719569946465364,4.22
382,10240,Gabrielle's Ghostly Groove 3D,3DS,2011.0,1.0,41,0.9630868246861536,0.2407717061715384,0.0,0.1203858530857692,0.11
383,1622,Kirby Tilt 'n' Tumble,GB,2000.0,5.0,71,0.3527416764982662,0.20677960346450092,0.9122629564610334,0.024327012172294223,1.23
384,1563,The Elder Scrolls Online,XOne,2015.0,7.0,17,0.8881134556896053,0.43828975735331166,0.0,0.13840729179578262,1.27
385,3599,Frontlines: Fuel of War,X360,2008.0,8.0,101,0.9064249855570374,0.39989337598104585,0.02665955839873639,0.13329779199368197,0.56
386,10468,Escape From Monkey Island,PS2,2001.0,1.0,57,0.7715167498104595,0.6172133998483676,0.0,0.1543033499620919,0.1
387,15379,Chevrolet Camaro: Wild Ride,DS,2010.0,6.0,97,1.0,0.0,0.0,0.0,0.02
388,1892,Endless Ocean,Wii,2007.0,1.0,71,0.670448217710064,0.7161605961902957,0.13713713544069492,0.13713713544069492,1.09
389,11589,Bleach: Heat the Soul 4,PSP,2007.0,2.0,92,0.0,0.0,1.0,0.0,0.08
390,13253,Silhouette Mirage,PS,1998.0,4.0,33,0.8320502943378437,0.5547001962252291,0.0,0.0,0.05
391,2993,Doom (2016),XOne,2016.0,8.0,17,0.8539008679196552,0.5035825631321044,0.0,0.13136936429533158,0.68
392,8611,Time Hollow,DS,2008.0,1.0,56,0.2621112169983114,0.0873704056661038,0.9610744623271418,0.0,0.16
393,15687,Winning Post 8 2016,PS4,2016.0,9.0,105,0.0,0.0,1.0,0.0,0.02
394,8888,Rock Band: Metal Track Pack,X360,2009.0,3.0,58,0.997458699830735,0.0,0.0,0.07124704998790964,0.15
395,16348,Ultimate Board Game Collection,PS2,2006.0,3.0,114,1.0,0.0,0.0,0.0,0.01
396,16499,Shutsugeki! Otometachi no Senjou 2: Ikusabana no Kizuna,PSP,2011.0,11.0,99,0.0,0.0,1.0,0.0,0.01
397,7405,Summoner 2,PS2,2002.0,7.0,101,0.7602859212697055,0.6082287370157644,0.0,0.22808577638091163,0.21
398,14074,Tao Adventure: Curse Demon,DS,2005.0,7.0,56,1.0,0.0,0.0,0.0,0.04
399,4040,Grandia III,PS2,2005.0,7.0,95,0.4167772269883127,0.34731435582359393,0.8335544539766254,0.10419430674707818,0.49
400,1060,NBA 2K15,XOne,2014.0,10.0,104,0.9854813729143995,0.13043135817984697,0.0,0.10869279848320582,1.69
401,828,Diablo III,PS3,2013.0,7.0,4,0.6138048165054761,0.7175464756331623,0.12967707390960764,0.3025798391224178,2.05
402,1296,The House of the Dead 2 & 3 Return,Wii,2008.0,8.0,90,0.8306337159975882,0.5324575102548642,0.03194745061529185,0.15973725307645925,1.47
403,14481,Minna no Golf Jou Vol.1,PSP,2007.0,10.0,92,0.0,0.0,1.0,0.0,0.03
404,2896,Metal Gear Solid V: The Phantom Pain,XOne,2015.0,0.0,56,0.8108889110899978,0.5698138294145931,0.021915916515945887,0.13149549909567532,0.71
405,1944,Darksiders,X360,2010.0,0.0,101,0.9091486565411977,0.3935121050700706,0.013569382933450712,0.13569382933450713,1.06
406,13606,Maken Shao: Demon Sword,PS2,2001.0,0.0,64,0.0,0.0,1.0,0.0,0.04
407,8498,Bomberman Land,PS,2000.0,3.0,47,0.0,0.0,0.997785157856609,0.06651901052377394,0.16
408,810,Spec Ops: Airborne Commando,PS,2002.0,8.0,104,0.9569833408227624,0.28585216673926667,0.0,0.049713420302481166,2.07
409,2482,WWE SmackDown vs. Raw 2009,Wii,2008.0,2.0,101,0.8085995080826245,0.5696951079673036,0.0,0.147018092378659,0.83
410,1264,Ninja Hattori Kun: Ninja wa Shuugyou Degogiru no Maki,NES,1986.0,4.0,47,0.0,0.0,1.0,0.0,1.5
411,8136,FIFA 16,PC,2015.0,10.0,35,0.29329423004270655,0.9532062476387964,0.0,0.07332355751067664,0.18
412,2422,MLB 99,PS,1998.0,10.0,92,0.8275862068965517,0.5517241379310346,0.0,0.10344827586206896,0.86
413,12627,Steins;Gate: Hiyoku Renri no Darling,PSP,2012.0,0.0,1,0.0,0.0,1.0,0.0,0.06
414,1340,WWE SmackDown vs Raw 2008,X360,2007.0,2.0,101,0.9164783246749958,0.3785453949744548,0.0,0.12950237196494507,1.44
415,15557,Tsuki ni Yori Sou Otome no Sahou: Hidamari no Hibi,PSV,2015.0,1.0,117,0.0,0.0,1.0,0.0,0.02
416,15488,"Warhammer 40,000: Dawn of War: Soulstorm",PC,2008.0,11.0,101,0.0,1.0,0.0,0.0,0.02
417,4352,Plants vs. Zombies: Garden Warfare 2,PS4,2016.0,8.0,35,0.6090882093150158,0.7524030820950195,0.0,0.25080102736500653,0.45
419,12126,Cartoon Network: Punch Time Explosion XL,PS3,2011.0,2.0,25,1.0,0.0,0.0,0.0,0.07
420,13761,Infamous: First Light,PS4,2014.0,0.0,92,0.0,0.9486832980505139,0.0,0.31622776601683794,0.04
421,9959,Deadpool,XOne,2015.0,0.0,4,0.9299811099505543,0.34874291623145787,0.0,0.11624763874381928,0.12
422,1318,Diablo III,X360,2013.0,7.0,4,0.889955503337222,0.43997800164986256,0.0,0.11999400044996252,1.45
423,9413,Pro Baseball Spirits 2015,PSV,2015.0,0.0,56,0.0,0.0,1.0,0.0,0.13
424,12950,Arcania: Gothic 4,PS4,2015.0,7.0,74,0.9701425001453318,0.0,0.0,0.24253562503633294,0.05
425,8608,Scripps Spelling Bee,DS,2010.0,9.0,101,0.997785157856609,0.0,0.0,0.06651901052377394,0.16
426,1910,DiRT 3,PS3,2011.0,6.0,23,0.3958620880777801,0.8650319702440379,0.014661558817695559,0.3078927351716067,1.08
427,9167,Buck Fever,Wii,2009.0,10.0,30,0.9970544855015815,0.0,0.0,0.07669649888473704,0.14
428,2777,Blur,PS3,2010.0,6.0,4,0.4887682202732316,0.8220192795504349,0.04443347457029378,0.28881758470690955,0.74
429,6709,Hitman: Absolution,PC,2012.0,0.0,95,0.16929979439493006,0.9593655015712705,0.0,0.2257330591932401,0.25
430,12606,Worms 3D,XB,2003.0,11.0,90,0.9701425001453318,0.24253562503633294,0.0,0.0,0.06
431,11269,Koudelka,PS,1999.0,7.0,12,0.8451542547285166,0.50709255283711,0.0,0.1690308509457033,0.08
432,2113,Tetris 2,NES,1993.0,5.0,71,0.9285849860230265,0.19470330352095716,0.31452072107231543,0.029954354387839565,0.98
433,13634,The Cube,Wii,2012.0,0.0,41,0.0,1.0,0.0,0.0,0.04
434,2725,Rockstar Games presents Table Tennis,X360,2006.0,10.0,104,0.57322194932264,0.7984162865565343,0.0,0.18424991228227713,0.76
435,16205,Hakuoki: Reimeiroku DS,DS,2012.0,0.0,49,0.0,0.0,1.0,0.0,0.01
436,7366,World Poker Tour,PS2,2005.0,3.0,104,0.7602859212697055,0.6082287370157644,0.0,0.22808577638091163,0.21
437,3684,Are You Smarter than a 5th Grader? Make the Grade,Wii,2008.0,3.0,101,0.9969383778125516,0.0,0.0,0.0781912453186315,0.55
438,12573,DuckTales: Remastered,WiiU,2013.0,0.0,21,1.0,0.0,0.0,0.0,0.06
439,11881,Hakuouki: Yuugi Roku,PSP,2010.0,1.0,49,0.0,0.0,1.0,0.0,0.07
440,5643,Shaun White Snowboarding,PSP,2008.0,10.0,107,0.9869465034014604,0.1138784427001685,0.0,0.1138784427001685,0.32
441,1106,NBA Live 2003,PS2,2002.0,10.0,35,0.9777866933016363,0.11733440319619635,0.02346688063923927,0.172090458021088,1.66
442,3936,Euro Truck Simulator,PC,2008.0,9.0,87,0.0,0.9778024140774095,0.0,0.20952908873087348,0.51
443,4972,Tomb Raider: Legend,X360,2006.0,0.0,34,0.9528093088747904,0.2823138692962342,0.035289233662029275,0.10586770098608782,0.39
444,2005,LEGO Indiana Jones 2: The Adventure Continues,X360,2009.0,0.0,4,0.8755874431274269,0.46603847779363045,0.0,0.12710140303462647,1.04
445,16491,Bomberman,Wii,2008.0,5.0,46,0.0,0.0,1.0,0.0,0.01
446,1961,Spider-Man 2,GBA,2004.0,0.0,4,0.9380571673614937,0.34560000902791876,0.0,0.024685714930565626,1.06
447,8245,Smash Court Tennis Pro Tournament,PS2,2002.0,10.0,92,0.7396002616336388,0.647150228929434,0.0,0.1849000654084097,0.17
448,14111,Gekiatsu!! Pachi Game Tamashi: CR Evangelion - Hajimari no Fukuin,PS3,2010.0,3.0,109,0.0,0.0,1.0,0.0,0.03
449,10814,Minority Report: Everybody Runs,XB,2002.0,0.0,4,0.9615239476408233,0.27472112789737807,0.0,0.0,0.1
450,2743,Shark Tale,PS2,2004.0,0.0,4,0.7698316001832431,0.6033815244679472,0.0,0.20806259464411977,0.75
451,646,Madden NFL 16,XOne,2015.0,10.0,35,0.9914752845170719,0.03831788539196414,0.0,0.12453312752388344,2.4
452,11414,10 Minute Solution,Wii,2010.0,10.0,4,0.9733285267845753,0.16222142113076257,0.0,0.16222142113076257,0.08
453,2305,TouchMaster 2,DS,2008.0,5.0,65,0.5144201109728903,0.8402195145890543,0.0,0.1714733703242968,0.9
454,8619,Battle Soccer: Field no Hasha,SNES,1992.0,10.0,16,0.0,0.0,1.0,0.0,0.16
455,16243,Seisou no Amazones,3DS,2013.0,7.0,9,0.0,0.0,1.0,0.0,0.01
456,7179,MotoGP 09/10,PS3,2010.0,6.0,21,0.3450327796711771,0.8970852271450606,0.0,0.2760262237369417,0.22
457,5548,Zaidan Houjin Nippon Kanji Nouryoku Kentei Kyoukai Kounin: KanKen DS 2 + Jouyou Kanji Jiten,DS,2007.0,3.0,86,0.0,0.0,1.0,0.0,0.33
458,5261,J-League Pro Soccer Club o Tsukurou!,DC,1999.0,10.0,90,0.0,0.0,1.0,0.0,0.36
459,4403,Celebrity Sports Showdown,Wii,2008.0,10.0,35,0.6236630358077133,0.7622548215427607,0.0,0.17323973216880928,0.45
460,4673,Katamari Forever,PS3,2009.0,5.0,69,0.9474926722027047,0.18221012926975091,0.21865215512370106,0.1457681034158007,0.42
461,13473,Guilty Gear XX Accent Core,PS2,2007.0,2.0,109,0.0,0.0,1.0,0.0,0.04
462,16251,Gokuhou!! Mecha Mote Iinchou: Girls Motekawa Box,DS,2009.0,9.0,56,0.0,0.0,1.0,0.0,0.01
463,9179,Eragon,X360,2006.0,0.0,112,0.9931270663228416,0.08276058886023681,0.0,0.08276058886023681,0.14
464,11953,Ecco: The Tides of Time,GEN,1993.0,1.0,90,0.0,0.0,1.0,0.0,0.07
465,1198,Stuntman,PS2,2002.0,6.0,12,0.7733791804387072,0.6003864690247859,0.0,0.20352083695755455,1.55
466,5492,World Stadium 3,PS,1999.0,10.0,69,0.0,0.0,0.9979253089684581,0.06438227799796505,0.33
467,6813,Final Fantasy Fables: Chocobo Tales,DS,2006.0,1.0,107,0.673189067498315,0.06119900613621045,0.7343880736345254,0.06119900613621045,0.24
468,9887,Uta no * Prince-Sama: All Star,PSP,2013.0,0.0,20,0.0,0.0,1.0,0.0,0.12
469,4188,Bomberman Hero,N64,1998.0,4.0,71,0.9239209796193592,0.20531577324874645,0.27375436433166195,0.17109647770728872,0.47
470,11628,Endgame,PS2,2002.0,8.0,36,0.7844645405527362,0.5883484054145521,0.0,0.19611613513818404,0.08
471,1337,SimCity (2013),PC,2013.0,9.0,35,0.5177779631107152,0.8306021491567724,0.0,0.20495377706465814,1.44
472,5021,Bratz: Rock Angelz,PS2,2005.0,3.0,101,0.7686577243595981,0.6068350455470511,0.0,0.20227834851568374,0.38
473,2350,Wii Fit U,WiiU,2013.0,10.0,71,0.7687061147858074,0.47304991679126607,0.4139186771923578,0.11826247919781652,0.89
474,14266,Street Supremacy,PSP,2005.0,6.0,56,1.0,0.0,0.0,0.0,0.03
475,11215,XIII,GC,2003.0,8.0,107,0.9615239476408233,0.27472112789737807,0.0,0.0,0.09
476,11648,Salon Superstar,DS,2009.0,9.0,0,1.0,0.0,0.0,0.0,0.08
477,6670,SpongeBob's Truth or Square (US sales),X360,2009.0,0.0,101,1.0,0.0,0.0,0.0,0.25
479,15204,Jissen Pachi-Slot Hisshouhou! Mister Magic Neo,PS2,2007.0,3.0,90,0.0,0.0,1.0,0.0,0.02
480,7848,The Polar Express,GBA,2004.0,1.0,101,0.9417419115948376,0.33633639699815626,0.0,0.0,0.19
481,6169,Rocket Power: Beach Bandits,GBA,2002.0,4.0,101,0.9428090415820634,0.3299831645537222,0.0,0.04714045207910316,0.28
482,15950,Accel World: Kasoku no Chouten,PS3,2013.0,1.0,69,0.0,0.0,1.0,0.0,0.02
483,8578,Major League Baseball 2K11,Wii,2011.0,10.0,104,0.997785157856609,0.0,0.0,0.06651901052377394,0.16
484,12650,Daito Giken Koushiki Pachi-Slot Simulator: Shin Yoshimune,PS2,2008.0,3.0,77,0.0,0.0,1.0,0.0,0.06
485,16018,Rise of Flight: Iron Cross Edition,PC,2010.0,9.0,5,1.0,0.0,0.0,0.0,0.01
486,7354,MTV Celebrity Deathmatch,XB,2003.0,2.0,45,0.952786134680662,0.2977456670877069,0.0,0.059549133417541374,0.21
487,15281,Jinsei Game Wii,Wii,2007.0,3.0,103,0.0,0.0,1.0,0.0,0.02
488,15328,Nicktoons Collection: Game Boy Advance Video Volume 3,GBA,2005.0,3.0,118,0.7071067811865476,0.7071067811865476,0.0,0.0,0.02
489,7392,Champion Jockey: G1 Jockey & Gallop Racer,PS3,2011.0,10.0,105,0.5282705437953743,0.4402254531628119,0.7043607250604991,0.17609018126512477,0.21
490,6113,Hot Shots Golf: World Invitational,PS3,2012.0,10.0,92,0.0,0.0,1.0,0.0,0.28
491,6788,Gallop Racer (JP),PS,1996.0,10.0,105,0.23693955110363696,0.1777046633277277,0.9477582044145478,0.11846977555181848,0.24
492,13858,Sid Meier's Railroads!,PC,2006.0,9.0,104,0.30151134457776363,0.9045340337332909,0.0,0.30151134457776363,0.04
493,6260,Pro Evolution Soccer 2013,PSP,2012.0,10.0,56,0.0,0.35815115706765566,0.9209601181739716,0.15349335302899525,0.28
494,7287,J-League Winning Eleven 2008: Club Championship,PS2,2008.0,10.0,56,0.0,0.0,1.0,0.0,0.22
495,15760,Hurry Up Hedgehog!,DS,2009.0,6.0,75,1.0,0.0,0.0,0.0,0.02
496,11403,State of Emergency 2,PS2,2006.0,8.0,94,0.7844645405527362,0.5883484054145521,0.0,0.19611613513818404,0.08
497,7165,Ben 10 Ultimate Alien: Cosmic Destruction,PS2,2010.0,4.0,27,0.8744746321952062,0.40360367639778744,0.0,0.269069117598525,0.22
498,7361,Hannah Montana: The Movie,X360,2009.0,1.0,31,0.911322376865767,0.3905667329424715,0.0,0.13018891098082386,0.21
499,15425,CV Casting Voice,PS3,2014.0,1.0,69,0.0,0.0,1.0,0.0,0.02
500,10208,EA Replay,PSP,2006.0,0.0,35,0.9938837346736189,0.0,0.0,0.11043152607484656,0.11
501,6218,Mister Mosquito,PS2,2001.0,8.0,34,0.2748248549646563,0.21985988397172504,0.9344045068798316,0.05496497099293126,0.28
502,3597,Monster High: Ghoul Spirit,Wii,2011.0,3.0,101,0.9799578870122228,0.17817416127494962,0.0,0.08908708063747481,0.56
503,5850,PowerUp Heroes,X360,2011.0,2.0,107,0.8650247963979829,0.4805693313322128,0.0,0.14417079939966382,0.3
504,15276,Thomas & Friends: Hero of the Rails,Wii,2010.0,3.0,109,0.0,1.0,0.0,0.0,0.02
505,6707,L.A. Noire: The Complete Edition,PC,2011.0,1.0,104,0.5069794004195823,0.8238415256818212,0.0,0.25348970020979117,0.25
506,4003,SplashDown: Rides Gone Wild,PS2,2003.0,6.0,101,0.7694046763650015,0.6091120354556263,0.0,0.19235116909125038,0.5
507,772,Far Cry: Primal,PS4,2016.0,0.0,107,0.43900462199514156,0.8631277313802783,0.044644537830014396,0.2455449580650792,2.13
508,2816,Katamari Damacy,PS2,2004.0,5.0,69,0.92783239543251,0.039482229592872765,0.33559895153941854,0.15792891837149106,0.73
509,6655,Birds of Steel,PS3,2012.0,9.0,56,0.7053456158585982,0.6348110542727383,0.14106912317171963,0.28213824634343926,0.25
510,11593,P.N.03 - Product Number Three,GC,2003.0,8.0,21,0.9486832980505139,0.31622776601683794,0.0,0.0,0.08
511,11229,Codename Tenka,PS,1997.0,8.0,82,0.8451542547285166,0.50709255283711,0.0,0.1690308509457033,0.09
512,5964,Mini Ninjas,X360,2009.0,0.0,34,0.642345273086627,0.749402818601065,0.0,0.16058631827165676,0.29
513,1185,Mario Party 7,GC,2005.0,3.0,71,0.8945560560016984,0.10358017490545982,0.43315345869555927,0.03766551814743994,1.57
514,3974,Boogie,Wii,2007.0,3.0,35,0.9933073803012535,0.06930051490473862,0.0,0.0924006865396515,0.5
515,4149,Double Dragon,2600,1989.0,0.0,4,0.9987677136415694,0.044389676161847524,0.0,0.022194838080923762,0.47
516,1681,Enter the Matrix,XB,2003.0,0.0,12,0.8575075212125957,0.5121225473908557,0.011909826683508273,0.04763930673403309,1.2
517,5610,The Legend of Spyro: Dawn of the Dragon,X360,2008.0,4.0,112,0.7680245771797108,0.6240199689585151,0.0,0.1440046082211958,0.32
518,10426,Pro Yaky? Spirits 2010,PS2,2010.0,10.0,56,0.0,0.0,1.0,0.0,0.1
519,10719,Horse Life Adventures,DS,2008.0,9.0,29,0.9847319278346618,0.12309149097933272,0.0,0.12309149097933272,0.1
520,10220,Nuclear Strike 64,N64,1999.0,9.0,101,0.9761870601839527,0.2169304578186562,0.0,0.0,0.11
521,13202,Cartoon Network Block Party,GBA,2004.0,3.0,59,0.9486832980505139,0.31622776601683794,0.0,0.0,0.05
522,12161,Prince of Persia: The Fallen King,DS,2008.0,0.0,107,0.9733285267845753,0.16222142113076257,0.0,0.16222142113076257,0.07
523,16582,PGA European Tour,N64,2000.0,10.0,52,1.0,0.0,0.0,0.0,0.01
524,13691,Star Trek: Shattered Universe,XB,2004.0,9.0,44,0.9486832980505139,0.31622776601683794,0.0,0.0,0.04
525,11519,Kobitodzukan: Kobito no Fushigi - Jikken Set,3DS,2013.0,3.0,72,0.0,0.0,1.0,0.0,0.08
526,3949,The Adventures of Jimmy Neutron Boy Genius: Attack of the Twonkies,GBA,2004.0,0.0,101,0.9402330557800264,0.3395286034761207,0.0,0.026117584882778513,0.5
527,2837,Tiger Woods PGA Tour 07,PS2,2006.0,10.0,35,0.9858611698511623,0.03286203899503875,0.0,0.16431019497519372,0.72
528,6974,LEGO Marvel's Avengers,PSV,2016.0,0.0,113,0.5012804118276031,0.7877263614433762,0.0,0.3580574370197165,0.23
529,9243,Cyber Sled,PS,1995.0,0.0,92,0.0,0.0,0.9970544855015815,0.07669649888473704,0.14
530,11518,Shonen Jump's One Piece: Pirates Carnival,GC,2005.0,3.0,69,0.9486832980505139,0.31622776601683794,0.0,0.0,0.08
531,9102,Shonen Jump's Shaman King: Master of Spirits,GBA,2004.0,7.0,56,0.9284766908852592,0.37139067635410367,0.0,0.0,0.14
532,12366,Challenge Me: Brain Puzzles,DS,2009.0,5.0,76,1.0,0.0,0.0,0.0,0.06
533,2413,Winning Eleven: Pro Evolution Soccer 2007,PSP,2006.0,10.0,56,0.013697345026974844,0.9862088419421887,0.16436814032369812,0.013697345026974844,0.86
534,11207,Midnight Play! Pack,DS,2008.0,3.0,107,0.9922778767136676,0.0,0.0,0.12403473458920845,0.09
535,1692,Pro Evolution Soccer 2008,Wii,2008.0,10.0,56,0.10404102851307524,0.9710495994553688,0.12716125707153642,0.17340171418845873,1.19
536,11161,Ford Racing 3,XB,2004.0,6.0,104,0.9615239476408233,0.27472112789737807,0.0,0.0,0.09
537,15672,Tegami Bachi: Kokoro Tsumugu Mono e,PSP,2010.0,7.0,56,0.0,0.0,1.0,0.0,0.02
538,14626,Exist Archive: The Other Side of the Sky,PS4,2015.0,7.0,6,0.0,0.0,1.0,0.0,0.03
539,11864,Let's Ride! Friends Forever,DS,2008.0,1.0,101,1.0,0.0,0.0,0.0,0.07
540,13757,Point Blank 2,PS,1998.0,8.0,69,0.7071067811865476,0.7071067811865476,0.0,0.0,0.04
541,12841,Minna to Kimi no Piramekino!,DS,2010.0,3.0,69,0.0,0.0,1.0,0.0,0.05
542,16014,Tom Clancy's  Ghost Recon Advanced Warfighter (weekly JP sales),X360,2006.0,8.0,107,0.0,0.0,1.0,0.0,0.01
543,12205,TRON: Evolution,PC,2010.0,0.0,31,1.0,0.0,0.0,0.0,0.07
544,9695,Fire ProWrestling S: 6Men Scramble,SAT,1996.0,2.0,48,0.0,0.0,1.0,0.0,0.12
545,2465,Dragon Age II,PS3,2011.0,0.0,35,0.8003201921280896,0.5402161296864605,0.1000400240160112,0.24009605763842684,0.84
546,14631,Whiteout,XB,2002.0,6.0,56,0.8944271909999159,0.4472135954999579,0.0,0.0,0.03
547,8701,Megamind: Ultimate Showdown,PS3,2010.0,0.0,101,0.741998516004452,0.635998728003816,0.0,0.211999576001272,0.16
548,11062,Beowulf: The Game,PSP,2007.0,0.0,107,0.9922778767136676,0.0,0.0,0.12403473458920845,0.09
549,13238,Finny the Fish & the Seven Waters,PS2,2004.0,10.0,92,0.6666666666666666,0.6666666666666666,0.0,0.3333333333333333,0.05
550,7555,Samurai Spirits (CD),NG,1994.0,2.0,88,0.0,0.0,1.0,0.0,0.2
551,15069,DemiKids: Light Version,GBA,2002.0,7.0,13,0.8944271909999159,0.4472135954999579,0.0,0.0,0.02
552,5000,The Cat in the Hat,GBA,2005.0,4.0,54,0.9371836815758415,0.3471050672503117,0.0,0.03471050672503117,0.38
